scenario,clients,server,method,reqs,fails,avg_delay,min_delay,max_delay,duration,io_ops,io_duration,cpu_ops,cpu_duration,cpu_user,cpu_system,cpu_children_user,cpu_children_system,mem_virt,mem_res,mem_uni
highcpu,10,asyncio,/parallel-io,658,0(0.00%),255,129,843,270,7980,411.5,8672,82.9,171.1,2.5,0.0,0.0,1578.8,38.3,29.6
highcpu,10,asyncio,/sequential-io,666,0(0.00%),717,315,1824,270,7980,411.5,8672,82.9,171.1,2.5,0.0,0.0,1578.8,38.3,29.6
highcpu,10,asyncio,/no-io,685,0(0.00%),43,11,248,270,7980,411.5,8672,82.9,171.1,2.5,0.0,0.0,1578.8,38.3,29.6
highcpu,10,tornado2,/no-io,661,0(0.00%),24,8,126,256,7887,406.7,8546,81.7,124.1,4.0,0.0,0.0,1556.2,28.6,23.9
highcpu,10,tornado2,/parallel-io,671,0(0.00%),182,100,484,256,7887,406.7,8546,81.7,124.1,4.0,0.0,0.0,1556.2,28.6,23.9
highcpu,10,tornado2,/sequential-io,677,0(0.00%),566,338,1077,256,7887,406.7,8546,81.7,124.1,4.0,0.0,0.0,1556.2,28.6,23.9
highcpu,10,tornado3,/no-io,645,0(0.00%),34,9,162,267,7964,410.7,8596,82.1,158.2,3.2,0.0,0.0,1559.1,32.7,24.4
highcpu,10,tornado3,/sequential-io,679,0(0.00%),685,346,1499,267,7964,410.7,8596,82.1,158.2,3.2,0.0,0.0,1559.1,32.7,24.4
highcpu,10,tornado3,/parallel-io,685,0(0.00%),229,109,579,267,7964,410.7,8596,82.1,158.2,3.2,0.0,0.0,1559.1,32.7,24.4
highcpu,20,asyncio,/no-io,657,0(0.00%),49,9,195,144,8028,414.0,8681,82.9,113.7,1.4,0.0,0.0,1579.2,38.8,29.9
highcpu,20,asyncio,/parallel-io,668,0(0.00%),260,117,518,144,8028,414.0,8681,82.9,113.7,1.4,0.0,0.0,1579.2,38.8,29.9
highcpu,20,asyncio,/sequential-io,694,0(0.00%),808,389,1368,144,8028,414.0,8681,82.9,113.7,1.4,0.0,0.0,1579.2,38.8,29.9
highcpu,20,tornado2,/parallel-io,661,0(0.00%),184,96,395,134,7997,412.4,8647,82.6,89.8,4.7,0.0,0.0,1556.6,32.6,28.0
highcpu,20,tornado2,/no-io,662,0(0.00%),20,7,71,134,7997,412.4,8647,82.6,89.8,4.7,0.0,0.0,1556.6,32.6,28.0
highcpu,20,tornado2,/sequential-io,696,0(0.00%),619,350,1050,134,7997,412.4,8647,82.6,89.8,4.7,0.0,0.0,1556.6,32.6,28.0
highcpu,20,tornado3,/sequential-io,625,0(0.00%),946,439,1816,146,7718,398.0,8384,80.1,112.0,2.2,0.0,0.0,1559.7,33.3,24.8
highcpu,20,tornado3,/no-io,687,0(0.00%),33,8,101,146,7718,398.0,8384,80.1,112.0,2.2,0.0,0.0,1559.7,33.3,24.8
highcpu,20,tornado3,/parallel-io,707,0(0.00%),277,110,731,146,7718,398.0,8384,80.1,112.0,2.2,0.0,0.0,1559.7,33.3,24.8
highcpu,40,asyncio,/sequential-io,666,0(0.00%),2374,1017,3505,114,8277,426.9,8966,85.7,105.9,1.4,0.0,0.0,1586.0,45.4,36.7
highcpu,40,asyncio,/parallel-io,685,0(0.00%),737,274,1268,114,8277,426.9,8966,85.7,105.9,1.4,0.0,0.0,1586.0,45.4,36.7
highcpu,40,asyncio,/no-io,688,0(0.00%),172,10,550,114,8277,426.9,8966,85.7,105.9,1.4,0.0,0.0,1586.0,45.4,36.7
highcpu,40,tornado2,/sequential-io,664,0(0.00%),2254,839,3313,105,8008,412.9,8695,83.1,84.7,5.1,0.0,0.0,1557.5,29.7,25.0
highcpu,40,tornado2,/parallel-io,681,0(0.00%),491,199,845,105,8008,412.9,8695,83.1,84.7,5.1,0.0,0.0,1557.5,29.7,25.0
highcpu,40,tornado2,/no-io,694,0(0.00%),25,7,71,105,8008,412.9,8695,83.1,84.7,5.1,0.0,0.0,1557.5,29.7,25.0
highcpu,40,tornado3,/no-io,622,0(0.00%),38,9,106,136,8396,433.0,8990,85.9,115.2,2.1,0.0,0.0,1560.5,34.1,25.7
highcpu,40,tornado3,/parallel-io,671,0(0.00%),742,289,1224,136,8396,433.0,8990,85.9,115.2,2.1,0.0,0.0,1560.5,34.1,25.7
highcpu,40,tornado3,/sequential-io,746,0(0.00%),3497,1871,4824,136,8396,433.0,8990,85.9,115.2,2.1,0.0,0.0,1560.5,34.1,25.7
highcpu,80,asyncio,/no-io,688,0(0.00%),605,10,1410,125,8564,441.6,9255,88.4,113.0,1.3,0.0,0.0,1592.2,47.7,39.0
highcpu,80,asyncio,/parallel-io,691,0(0.00%),2101,1006,3079,125,8564,441.6,9255,88.4,113.0,1.3,0.0,0.0,1592.2,47.7,39.0
highcpu,80,asyncio,/sequential-io,700,0(0.00%),6941,2542,10570,125,8564,441.6,9255,88.4,113.0,1.3,0.0,0.0,1592.2,47.7,39.0
highcpu,80,tornado2,/no-io,653,0(0.00%),26,7,90,119,8921,460.0,9524,91.0,93.6,5.0,0.0,0.0,1560.3,26.1,21.8
highcpu,80,tornado2,/parallel-io,677,0(0.00%),1314,800,1974,119,8921,460.0,9524,91.0,93.6,5.0,0.0,0.0,1560.3,26.1,21.8
highcpu,80,tornado2,/sequential-io,749,0(0.00%),7012,2790,9025,119,8921,460.0,9524,91.0,93.6,5.0,0.0,0.0,1560.3,26.1,21.8
highcpu,80,tornado3,/no-io,680,0(0.00%),40,9,105,144,8955,461.8,9573,91.5,124.4,2.8,0.0,0.0,1562.2,29.4,21.4
highcpu,80,tornado3,/parallel-io,690,0(0.00%),1861,1148,2644,144,8955,461.8,9573,91.5,124.4,2.8,0.0,0.0,1562.2,29.4,21.4
highcpu,80,tornado3,/sequential-io,709,0(0.00%),9856,3476,12526,144,8955,461.8,9573,91.5,124.4,2.8,0.0,0.0,1562.2,29.4,21.4
highcpu,160,asyncio,/no-io,684,0(0.00%),540,77,2517,144,10591,546.2,11290,107.9,134.4,1.7,0.0,0.0,1599.9,59.1,50.7
highcpu,160,asyncio,/parallel-io,726,0(0.00%),4641,3653,6455,144,10591,546.2,11290,107.9,134.4,1.7,0.0,0.0,1599.9,59.1,50.7
highcpu,160,asyncio,/sequential-io,749,0(0.00%),16199,6430,24177,144,10591,546.2,11290,107.9,134.4,1.7,0.0,0.0,1599.9,59.1,50.7
highcpu,160,tornado2,/no-io,651,0(0.00%),26,7,75,139,11166,575.9,12050,115.1,119.4,6.6,0.0,0.0,1565.3,37.2,32.8
highcpu,160,tornado2,/parallel-io,704,0(0.00%),2997,2278,3593,139,11166,575.9,12050,115.1,119.4,6.6,0.0,0.0,1565.3,37.2,32.8
highcpu,160,tornado2,/sequential-io,804,0(0.00%),16518,6217,18966,139,11166,575.9,12050,115.1,119.4,6.6,0.0,0.0,1565.3,37.2,32.8
highcpu,160,tornado3,/parallel-io,691,0(0.00%),3988,3122,4694,164,10188,525.4,10947,104.6,142.4,3.7,0.0,0.0,1565.2,36.3,28.4
highcpu,160,tornado3,/no-io,703,0(0.00%),41,9,118,164,10188,525.4,10947,104.6,142.4,3.7,0.0,0.0,1565.2,36.3,28.4
highcpu,160,tornado3,/sequential-io,765,0(0.00%),21922,8137,25092,164,10188,525.4,10947,104.6,142.4,3.7,0.0,0.0,1565.2,36.3,28.4
highdelay,10,asyncio,/parallel-io,644,0(0.00%),1278,1140,1365,662,7919,7111.1,8609,9.1,109.8,6.3,0.0,0.0,1578.5,39.9,31.0
highdelay,10,asyncio,/sequential-io,674,0(0.00%),5524,3436,7434,662,7919,7111.1,8609,9.1,109.8,6.3,0.0,0.0,1578.5,39.9,31.0
highdelay,10,asyncio,/no-io,691,0(0.00%),17,4,38,662,7919,7111.1,8609,9.1,109.8,6.3,0.0,0.0,1578.5,39.9,31.0
highdelay,10,tornado2,/no-io,656,0(0.00%),17,4,41,811,8119,7291.1,8775,9.3,126.3,18.8,0.0,0.0,1557.0,29.0,24.5
highdelay,10,tornado2,/parallel-io,668,0(0.00%),1762,1150,3184,811,8119,7291.1,8775,9.3,126.3,18.8,0.0,0.0,1557.0,29.0,24.5
highdelay,10,tornado2,/sequential-io,685,0(0.00%),7137,3978,11546,811,8119,7291.1,8775,9.3,126.3,18.8,0.0,0.0,1557.0,29.0,24.5
highdelay,10,tornado3,/no-io,641,0(0.00%),18,4,36,821,8211,7373.1,8849,9.4,135.7,10.5,0.0,0.0,1559.5,31.0,22.5
highdelay,10,tornado3,/parallel-io,671,0(0.00%),1806,1150,3727,821,8211,7373.1,8849,9.4,135.7,10.5,0.0,0.0,1559.5,31.0,22.5
highdelay,10,tornado3,/sequential-io,697,0(0.00%),7079,3755,11544,821,8211,7373.1,8849,9.4,135.7,10.5,0.0,0.0,1559.5,31.0,22.5
highdelay,20,asyncio,/no-io,630,0(0.00%),17,4,45,338,8265,7421.4,8880,9.4,96.3,5.4,0.0,0.0,1579.4,39.4,30.2
highdelay,20,asyncio,/sequential-io,669,0(0.00%),5500,3319,7331,338,8265,7421.4,8880,9.4,96.3,5.4,0.0,0.0,1579.4,39.4,30.2
highdelay,20,asyncio,/parallel-io,720,0(0.00%),1277,1134,1374,338,8265,7421.4,8880,9.4,96.3,5.4,0.0,0.0,1579.4,39.4,30.2
highdelay,20,tornado2,/no-io,634,0(0.00%),14,3,42,764,8305,7457.4,8928,9.4,112.6,19.1,0.0,0.0,1557.2,29.2,24.7
highdelay,20,tornado2,/parallel-io,680,0(0.00%),3214,1557,5359,764,8305,7457.4,8928,9.4,112.6,19.1,0.0,0.0,1557.2,29.2,24.7
highdelay,20,tornado2,/sequential-io,705,0(0.00%),15520,7641,21610,764,8305,7457.4,8928,9.4,112.6,19.1,0.0,0.0,1557.2,29.2,24.7
highdelay,20,tornado3,/sequential-io,671,0(0.00%),15571,7786,22706,740,8088,7263.0,8772,9.3,95.5,8.3,0.0,0.0,1560.0,33.9,25.1
highdelay,20,tornado3,/parallel-io,673,0(0.00%),3271,1625,6106,740,8088,7263.0,8772,9.3,95.5,8.3,0.0,0.0,1560.0,33.9,25.1
highdelay,20,tornado3,/no-io,675,0(0.00%),13,4,35,740,8088,7263.0,8772,9.3,95.5,8.3,0.0,0.0,1560.0,33.9,25.1
highdelay,40,asyncio,/no-io,659,0(0.00%),5,3,35,178,8226,7386.5,8845,9.4,32.2,2.2,0.0,0.0,1580.2,41.7,32.8
highdelay,40,asyncio,/parallel-io,673,0(0.00%),1248,1129,1323,178,8226,7386.5,8845,9.4,32.2,2.2,0.0,0.0,1580.2,41.7,32.8
highdelay,40,asyncio,/sequential-io,707,0(0.00%),5418,3493,7265,178,8226,7386.5,8845,9.4,32.2,2.2,0.0,0.0,1580.2,41.7,32.8
highdelay,40,tornado2,/parallel-io,671,0(0.00%),6302,3732,9821,751,8236,7395.8,8924,9.4,69.2,11.1,0.0,0.0,1559.6,29.6,24.8
highdelay,40,tornado2,/no-io,673,0(0.00%),9,3,38,751,8236,7395.8,8924,9.4,69.2,11.1,0.0,0.0,1559.6,29.6,24.8
highdelay,40,tornado2,/sequential-io,695,0(0.00%),33653,15264,42828,751,8236,7395.8,8924,9.4,69.2,11.1,0.0,0.0,1559.6,29.6,24.8
highdelay,40,tornado3,/no-io,630,0(0.00%),7,4,37,772,8488,7622.4,9126,9.7,55.5,5.2,0.0,0.0,1560.9,34.2,25.8
highdelay,40,tornado3,/parallel-io,699,0(0.00%),6403,3837,10567,772,8488,7622.4,9126,9.7,55.5,5.2,0.0,0.0,1560.9,34.2,25.8
highdelay,40,tornado3,/sequential-io,710,0(0.00%),33767,15305,42553,772,8488,7622.4,9126,9.7,55.5,5.2,0.0,0.0,1560.9,34.2,25.8
highdelay,80,asyncio,/no-io,668,0(0.00%),9,3,40,105,9054,8131.0,9737,10.3,47.2,2.9,0.0,0.0,1582.8,44.2,35.6
highdelay,80,asyncio,/parallel-io,683,0(0.00%),1262,1125,1380,105,9054,8131.0,9737,10.3,47.2,2.9,0.0,0.0,1582.8,44.2,35.6
highdelay,80,asyncio,/sequential-io,728,0(0.00%),5469,3138,7295,105,9054,8131.0,9737,10.3,47.2,2.9,0.0,0.0,1582.8,44.2,35.6
highdelay,80,tornado2,/no-io,648,0(0.00%),17,4,39,801,8715,7825.7,9379,9.9,144.1,23.4,0.0,0.0,1562.8,32.6,28.2
highdelay,80,tornado2,/parallel-io,705,2(0.28%),13006,8753,20570,801,8715,7825.7,9379,9.9,144.1,23.4,0.0,0.0,1562.8,32.6,28.2
highdelay,80,tornado2,/sequential-io,724,0(0.00%),70696,27361,83104,801,8715,7825.7,9379,9.9,144.1,23.4,0.0,0.0,1562.8,32.6,28.2
highdelay,80,tornado3,/no-io,619,0(0.00%),19,5,36,817,8832,7931.1,9446,10.0,156.3,12.8,0.0,0.0,1562.4,34.1,25.6
highdelay,80,tornado3,/parallel-io,714,0(0.00%),12840,8877,18620,817,8832,7931.1,9446,10.0,156.3,12.8,0.0,0.0,1562.4,34.1,25.6
highdelay,80,tornado3,/sequential-io,746,0(0.00%),70526,27286,82764,817,8832,7931.1,9446,10.0,156.3,12.8,0.0,0.0,1562.4,34.1,25.6
highdelay,160,asyncio,/no-io,691,0(0.00%),7,3,42,80,11754,10554.6,12777,13.5,45.6,2.8,0.0,0.0,1588.2,47.5,39.0
highdelay,160,asyncio,/parallel-io,714,0(0.00%),1261,1128,1380,80,11754,10554.6,12777,13.5,45.6,2.8,0.0,0.0,1588.2,47.5,39.0
highdelay,160,asyncio,/sequential-io,754,0(0.00%),5478,3211,7315,80,11754,10554.6,12777,13.5,45.6,2.8,0.0,0.0,1588.2,47.5,39.0
highdelay,160,tornado2,/parallel-io,311,382(55.12%),19871,16597,21255,551,7874,7070.7,6729,7.1,104.2,16.8,0.0,0.0,1576.3,46.0,41.8
highdelay,160,tornado2,/sequential-io,377,395(51.17%),110020,42217,126557,551,7874,7070.7,6729,7.1,104.2,16.8,0.0,0.0,1576.3,46.0,41.8
highdelay,160,tornado2,/no-io,694,0(0.00%),17,4,40,551,7874,7070.7,6729,7.1,104.2,16.8,0.0,0.0,1576.3,46.0,41.8
highdelay,160,tornado3,/parallel-io,298,408(57.79%),20047,17142,21251,525,7693,6907.7,6386,6.8,103.7,8.7,0.0,0.0,1576.4,47.7,39.3
highdelay,160,tornado3,/sequential-io,352,408(53.68%),109729,41038,123937,525,7693,6907.7,6386,6.8,103.7,8.7,0.0,0.0,1576.4,47.7,39.3
highdelay,160,tornado3,/no-io,693,0(0.00%),19,4,73,525,7693,6907.7,6386,6.8,103.7,8.7,0.0,0.0,1576.4,47.7,39.3
highdelay_lowcpu,10,asyncio,/no-io,669,0(0.00%),10,3,30,654,8020,7201.9,8684,1.2,55.3,5.1,0.0,0.0,1578.6,38.1,29.3
highdelay_lowcpu,10,asyncio,/parallel-io,670,0(0.00%),1267,1129,1353,654,8020,7201.9,8684,1.2,55.3,5.1,0.0,0.0,1578.6,38.1,29.3
highdelay_lowcpu,10,asyncio,/sequential-io,670,0(0.00%),5444,3554,7303,654,8020,7201.9,8684,1.2,55.3,5.1,0.0,0.0,1578.6,38.1,29.3
highdelay_lowcpu,10,tornado2,/no-io,657,0(0.00%),13,3,37,805,8098,7271.7,8745,1.2,89.0,12.8,0.0,0.0,1557.2,29.1,24.5
highdelay_lowcpu,10,tornado2,/sequential-io,657,0(0.00%),7191,3998,12317,805,8098,7271.7,8745,1.2,89.0,12.8,0.0,0.0,1557.2,29.1,24.5
highdelay_lowcpu,10,tornado2,/parallel-io,695,0(0.00%),1817,1162,3963,805,8098,7271.7,8745,1.2,89.0,12.8,0.0,0.0,1557.2,29.1,24.5
highdelay_lowcpu,10,tornado3,/sequential-io,639,0(0.00%),7170,3779,11507,789,7920,7112.1,8613,1.2,90.9,10.9,0.0,0.0,1559.5,31.0,22.6
highdelay_lowcpu,10,tornado3,/parallel-io,681,0(0.00%),1810,1139,3693,789,7920,7112.1,8613,1.2,90.9,10.9,0.0,0.0,1559.5,31.0,22.6
highdelay_lowcpu,10,tornado3,/no-io,689,0(0.00%),13,4,31,789,7920,7112.1,8613,1.2,90.9,10.9,0.0,0.0,1559.5,31.0,22.6
highdelay_lowcpu,20,asyncio,/parallel-io,659,0(0.00%),1276,1136,1370,341,8165,7332.4,8836,1.2,62.5,6.0,0.0,0.0,1579.1,40.8,31.9
highdelay_lowcpu,20,asyncio,/no-io,663,0(0.00%),12,3,32,341,8165,7332.4,8836,1.2,62.5,6.0,0.0,0.0,1579.1,40.8,31.9
highdelay_lowcpu,20,asyncio,/sequential-io,697,0(0.00%),5448,3543,7442,341,8165,7332.4,8836,1.2,62.5,6.0,0.0,0.0,1579.1,40.8,31.9
highdelay_lowcpu,20,tornado2,/no-io,661,0(0.00%),13,3,25,747,8124,7295.0,8769,1.2,94.3,14.2,0.0,0.0,1557.2,29.1,24.5
highdelay_lowcpu,20,tornado2,/sequential-io,670,0(0.00%),15695,7066,21883,747,8124,7295.0,8769,1.2,94.3,14.2,0.0,0.0,1557.2,29.1,24.5
highdelay_lowcpu,20,tornado2,/parallel-io,688,0(0.00%),3317,1605,5606,747,8124,7295.0,8769,1.2,94.3,14.2,0.0,0.0,1557.2,29.1,24.5
highdelay_lowcpu,20,tornado3,/no-io,641,0(0.00%),13,4,28,759,8238,7398.3,8845,1.2,97.6,11.7,0.0,0.0,1560.0,33.5,25.1
highdelay_lowcpu,20,tornado3,/parallel-io,659,0(0.00%),3281,1852,5882,759,8238,7398.3,8845,1.2,97.6,11.7,0.0,0.0,1560.0,33.5,25.1
highdelay_lowcpu,20,tornado3,/sequential-io,719,0(0.00%),15113,8303,22961,759,8238,7398.3,8845,1.2,97.6,11.7,0.0,0.0,1560.0,33.5,25.1
highdelay_lowcpu,40,asyncio,/no-io,659,0(0.00%),12,3,34,180,8472,7607.8,9151,1.3,54.5,5.3,0.0,0.0,1580.3,42.0,33.1
highdelay_lowcpu,40,asyncio,/parallel-io,671,0(0.00%),1271,1132,1358,180,8472,7607.8,9151,1.3,54.5,5.3,0.0,0.0,1580.3,42.0,33.1
highdelay_lowcpu,40,asyncio,/sequential-io,709,0(0.00%),5479,3334,7430,180,8472,7607.8,9151,1.3,54.5,5.3,0.0,0.0,1580.3,42.0,33.1
highdelay_lowcpu,40,tornado2,/sequential-io,654,0(0.00%),34739,14018,44238,742,8112,7284.5,8811,1.2,93.6,15.3,0.0,0.0,1558.3,28.6,23.8
highdelay_lowcpu,40,tornado2,/parallel-io,691,0(0.00%),6546,3706,10054,742,8112,7284.5,8811,1.2,93.6,15.3,0.0,0.0,1558.3,28.6,23.8
highdelay_lowcpu,40,tornado2,/no-io,694,0(0.00%),13,4,27,742,8112,7284.5,8811,1.2,93.6,15.3,0.0,0.0,1558.3,28.6,23.8
highdelay_lowcpu,40,tornado3,/no-io,668,0(0.00%),8,3,24,754,8260,7417.4,8929,1.2,60.9,7.4,0.0,0.0,1560.7,34.3,25.7
highdelay_lowcpu,40,tornado3,/sequential-io,668,0(0.00%),34612,13770,42746,754,8260,7417.4,8929,1.2,60.9,7.4,0.0,0.0,1560.7,34.3,25.7
highdelay_lowcpu,40,tornado3,/parallel-io,703,0(0.00%),6506,3871,9546,754,8260,7417.4,8929,1.2,60.9,7.4,0.0,0.0,1560.7,34.3,25.7
highdelay_lowcpu,80,asyncio,/no-io,658,0(0.00%),10,3,66,107,9002,8083.6,9639,1.3,40.6,4.3,0.0,0.0,1582.9,40.5,31.7
highdelay_lowcpu,80,asyncio,/parallel-io,661,0(0.00%),1264,1128,1389,107,9002,8083.6,9639,1.3,40.6,4.3,0.0,0.0,1582.9,40.5,31.7
highdelay_lowcpu,80,asyncio,/sequential-io,760,0(0.00%),5488,3737,7404,107,9002,8083.6,9639,1.3,40.6,4.3,0.0,0.0,1582.9,40.5,31.7
highdelay_lowcpu,80,tornado2,/no-io,681,0(0.00%),13,3,33,778,8455,7592.9,9137,1.3,102.0,16.5,0.0,0.0,1561.5,29.7,25.2
highdelay_lowcpu,80,tornado2,/sequential-io,698,0(0.00%),70898,26955,84966,778,8455,7592.9,9137,1.3,102.0,16.5,0.0,0.0,1561.5,29.7,25.2
highdelay_lowcpu,80,tornado2,/parallel-io,700,0(0.00%),13008,8310,20699,778,8455,7592.9,9137,1.3,102.0,16.5,0.0,0.0,1561.5,29.7,25.2
highdelay_lowcpu,80,tornado3,/no-io,651,0(0.00%),14,3,29,794,8662,7778.0,9344,1.3,107.5,14.1,0.0,0.0,1562.7,32.1,23.8
highdelay_lowcpu,80,tornado3,/sequential-io,701,0(0.00%),71876,26793,84326,794,8662,7778.0,9344,1.3,107.5,14.1,0.0,0.0,1562.7,32.1,23.8
highdelay_lowcpu,80,tornado3,/parallel-io,727,0(0.00%),13084,8482,20428,794,8662,7778.0,9344,1.3,107.5,14.1,0.0,0.0,1562.7,32.1,23.8
highdelay_lowcpu,160,asyncio,/no-io,685,0(0.00%),7,2,49,80,11824,10618.1,12821,1.8,36.4,3.7,0.0,0.0,1586.9,46.4,37.7
highdelay_lowcpu,160,asyncio,/parallel-io,692,0(0.00%),1256,1127,1410,80,11824,10618.1,12821,1.8,36.4,3.7,0.0,0.0,1586.9,46.4,37.7
highdelay_lowcpu,160,asyncio,/sequential-io,782,0(0.00%),5490,3234,7349,80,11824,10618.1,12821,1.8,36.4,3.7,0.0,0.0,1586.9,46.4,37.7
highdelay_lowcpu,160,tornado2,/parallel-io,316,404(56.11%),19920,16996,21278,543,7953,7141.2,6655,0.9,78.4,12.2,0.0,0.0,1576.5,46.8,42.4
highdelay_lowcpu,160,tornado2,/sequential-io,367,395(51.84%),110693,31352,124549,543,7953,7141.2,6655,0.9,78.4,12.2,0.0,0.0,1576.5,46.8,42.4
highdelay_lowcpu,160,tornado2,/no-io,677,0(0.00%),14,3,31,543,7953,7141.2,6655,0.9,78.4,12.2,0.0,0.0,1576.5,46.8,42.4
highdelay_lowcpu,160,tornado3,/parallel-io,309,451(59.34%),19902,15763,21270,521,7978,7163.9,6444,0.9,78.7,9.5,0.0,0.0,1576.6,48.2,39.9
highdelay_lowcpu,160,tornado3,/sequential-io,320,408(56.04%),110140,47805,124224,521,7978,7163.9,6444,0.9,78.7,9.5,0.0,0.0,1576.6,48.2,39.9
highdelay_lowcpu,160,tornado3,/no-io,671,0(0.00%),14,3,112,521,7978,7163.9,6444,0.9,78.7,9.5,0.0,0.0,1576.6,48.2,39.9
highops_lowdelay_tinycpu,10,asyncio,/no-io,1330,0(0.00%),9,3,57,436,53119,177.7,54434,1.0,120.5,9.9,0.0,0.0,1579.3,41.1,32.2
highops_lowdelay_tinycpu,10,asyncio,/sequential-io,1338,0(0.00%),171,110,301,436,53119,177.7,54434,1.0,120.5,9.9,0.0,0.0,1579.3,41.1,32.2
highops_lowdelay_tinycpu,10,asyncio,/parallel-io,1341,0(0.00%),57,26,155,436,53119,177.7,54434,1.0,120.5,9.9,0.0,0.0,1579.3,41.1,32.2
highops_lowdelay_tinycpu,10,tornado2,/no-io,1298,0(0.00%),10,2,50,440,54320,181.7,55618,1.0,153.4,22.9,0.0,0.0,1556.5,28.6,24.3
highops_lowdelay_tinycpu,10,tornado2,/parallel-io,1345,0(0.00%),69,37,161,440,54320,181.7,55618,1.0,153.4,22.9,0.0,0.0,1556.5,28.6,24.3
highops_lowdelay_tinycpu,10,tornado2,/sequential-io,1366,0(0.00%),186,122,328,440,54320,181.7,55618,1.0,153.4,22.9,0.0,0.0,1556.5,28.6,24.3
highops_lowdelay_tinycpu,10,tornado3,/parallel-io,1300,0(0.00%),68,35,132,442,53200,177.9,54531,1.0,153.2,20.9,0.0,0.0,1559.7,31.3,22.8
highops_lowdelay_tinycpu,10,tornado3,/no-io,1341,0(0.00%),9,2,44,442,53200,177.9,54531,1.0,153.2,20.9,0.0,0.0,1559.7,31.3,22.8
highops_lowdelay_tinycpu,10,tornado3,/sequential-io,1368,0(0.00%),199,132,366,442,53200,177.9,54531,1.0,153.2,20.9,0.0,0.0,1559.7,31.3,22.8
highops_lowdelay_tinycpu,20,asyncio,/parallel-io,1315,0(0.00%),54,27,177,221,53740,179.7,55082,1.0,93.6,8.0,0.0,0.0,1580.5,40.0,31.2
highops_lowdelay_tinycpu,20,asyncio,/no-io,1341,0(0.00%),8,2,55,221,53740,179.7,55082,1.0,93.6,8.0,0.0,0.0,1580.5,40.0,31.2
highops_lowdelay_tinycpu,20,asyncio,/sequential-io,1363,0(0.00%),165,113,384,221,53740,179.7,55082,1.0,93.6,8.0,0.0,0.0,1580.5,40.0,31.2
highops_lowdelay_tinycpu,20,tornado2,/no-io,1316,0(0.00%),7,2,61,224,53396,178.6,54695,1.0,114.7,17.8,0.0,0.0,1556.8,29.7,24.9
highops_lowdelay_tinycpu,20,tornado2,/parallel-io,1317,0(0.00%),65,37,158,224,53396,178.6,54695,1.0,114.7,17.8,0.0,0.0,1556.8,29.7,24.9
highops_lowdelay_tinycpu,20,tornado2,/sequential-io,1386,0(0.00%),203,123,451,224,53396,178.6,54695,1.0,114.7,17.8,0.0,0.0,1556.8,29.7,24.9
highops_lowdelay_tinycpu,20,tornado3,/sequential-io,1300,0(0.00%),220,135,503,224,53085,177.5,54389,1.0,118.8,15.2,0.0,0.0,1559.9,33.6,25.1
highops_lowdelay_tinycpu,20,tornado3,/no-io,1335,0(0.00%),7,2,49,224,53085,177.5,54389,1.0,118.8,15.2,0.0,0.0,1559.9,33.6,25.1
highops_lowdelay_tinycpu,20,tornado3,/parallel-io,1384,0(0.00%),62,37,171,224,53085,177.5,54389,1.0,118.8,15.2,0.0,0.0,1559.9,33.6,25.1
highops_lowdelay_tinycpu,40,asyncio,/sequential-io,1321,0(0.00%),972,129,2889,150,55466,185.5,56871,1.0,95.2,8.4,0.0,0.0,1588.0,42.5,38.6
highops_lowdelay_tinycpu,40,asyncio,/parallel-io,1352,0(0.00%),226,36,900,150,55466,185.5,56871,1.0,95.2,8.4,0.0,0.0,1588.0,42.5,38.6
highops_lowdelay_tinycpu,40,asyncio,/no-io,1366,0(0.00%),26,3,176,150,55466,185.5,56871,1.0,95.2,8.4,0.0,0.0,1588.0,42.5,38.6
highops_lowdelay_tinycpu,40,tornado2,/parallel-io,1323,0(0.00%),139,40,551,145,52902,176.9,54232,1.0,113.0,18.8,0.0,0.0,1559.2,29.1,24.9
highops_lowdelay_tinycpu,40,tornado2,/sequential-io,1339,0(0.00%),919,144,2541,145,52902,176.9,54232,1.0,113.0,18.8,0.0,0.0,1559.2,29.1,24.9
highops_lowdelay_tinycpu,40,tornado2,/no-io,1377,0(0.00%),9,3,49,145,52902,176.9,54232,1.0,113.0,18.8,0.0,0.0,1559.2,29.1,24.9
highops_lowdelay_tinycpu,40,tornado3,/sequential-io,1323,0(0.00%),874,138,2565,143,53938,180.4,55305,1.0,111.2,16.3,0.0,0.0,1561.3,32.8,24.7
highops_lowdelay_tinycpu,40,tornado3,/no-io,1357,0(0.00%),9,2,59,143,53938,180.4,55305,1.0,111.2,16.3,0.0,0.0,1561.3,32.8,24.7
highops_lowdelay_tinycpu,40,tornado3,/parallel-io,1359,0(0.00%),123,40,375,143,53938,180.4,55305,1.0,111.2,16.3,0.0,0.0,1561.3,32.8,24.7
highops_lowdelay_tinycpu,80,asyncio,/sequential-io,1340,0(0.00%),942,132,1883,86,57106,191.0,58453,1.1,69.8,7.2,0.0,0.0,1590.2,49.4,40.8
highops_lowdelay_tinycpu,80,asyncio,/no-io,1356,0(0.00%),19,3,88,86,57106,191.0,58453,1.1,69.8,7.2,0.0,0.0,1590.2,49.4,40.8
highops_lowdelay_tinycpu,80,asyncio,/parallel-io,1383,0(0.00%),182,50,367,86,57106,191.0,58453,1.1,69.8,7.2,0.0,0.0,1590.2,49.4,40.8
highops_lowdelay_tinycpu,80,tornado2,/parallel-io,1350,0(0.00%),203,95,411,118,55497,185.6,56849,1.0,98.3,17.3,0.0,0.0,1560.6,30.5,26.4
highops_lowdelay_tinycpu,80,tornado2,/no-io,1358,0(0.00%),7,3,29,118,55497,185.6,56849,1.0,98.3,17.3,0.0,0.0,1560.6,30.5,26.4
highops_lowdelay_tinycpu,80,tornado2,/sequential-io,1371,0(0.00%),2775,577,4001,118,55497,185.6,56849,1.0,98.3,17.3,0.0,0.0,1560.6,30.5,26.4
highops_lowdelay_tinycpu,80,tornado3,/no-io,1301,0(0.00%),7,4,36,118,56769,189.9,58002,1.0,98.7,14.6,0.0,0.0,1562.5,34.3,25.9
highops_lowdelay_tinycpu,80,tornado3,/parallel-io,1331,0(0.00%),191,90,456,118,56769,189.9,58002,1.0,98.7,14.6,0.0,0.0,1562.5,34.3,25.9
highops_lowdelay_tinycpu,80,tornado3,/sequential-io,1447,0(0.00%),2655,722,3647,118,56769,189.9,58002,1.0,98.7,14.6,0.0,0.0,1562.5,34.3,25.9
highops_lowdelay_tinycpu,160,asyncio,/no-io,1304,0(0.00%),74,30,205,105,71565,239.3,73061,1.3,87.8,8.5,0.0,0.0,1599.5,61.1,52.4
highops_lowdelay_tinycpu,160,asyncio,/parallel-io,1370,0(0.00%),722,400,1073,105,71565,239.3,73061,1.3,87.8,8.5,0.0,0.0,1599.5,61.1,52.4
highops_lowdelay_tinycpu,160,asyncio,/sequential-io,1485,0(0.00%),4472,1314,5668,105,71565,239.3,73061,1.3,87.8,8.5,0.0,0.0,1599.5,61.1,52.4
highops_lowdelay_tinycpu,160,tornado2,/parallel-io,1333,0(0.00%),498,269,905,137,65114,217.8,66588,1.2,116.9,20.9,0.0,0.0,1566.1,36.3,32.2
highops_lowdelay_tinycpu,160,tornado2,/no-io,1386,0(0.00%),7,3,26,137,65114,217.8,66588,1.2,116.9,20.9,0.0,0.0,1566.1,36.3,32.2
highops_lowdelay_tinycpu,160,tornado2,/sequential-io,1440,0(0.00%),8537,2518,9745,137,65114,217.8,66588,1.2,116.9,20.9,0.0,0.0,1566.1,36.3,32.2
highops_lowdelay_tinycpu,160,tornado3,/no-io,1357,0(0.00%),7,4,27,136,66380,222.0,67865,1.2,117.2,17.4,0.0,0.0,1565.8,37.1,29.1
highops_lowdelay_tinycpu,160,tornado3,/parallel-io,1384,0(0.00%),488,274,736,136,66380,222.0,67865,1.2,117.2,17.4,0.0,0.0,1565.8,37.1,29.1
highops_lowdelay_tinycpu,160,tornado3,/sequential-io,1418,0(0.00%),8494,2627,9641,136,66380,222.0,67865,1.2,117.2,17.4,0.0,0.0,1565.8,37.1,29.1
hugetraffic,10,asyncio,/parallel-io,1306,0(0.00%),118,77,168,478,15693,809.3,17031,18.0,148.0,8.6,0.0,0.0,1579.8,39.6,30.5
hugetraffic,10,asyncio,/sequential-io,1349,0(0.00%),421,230,562,478,15693,809.3,17031,18.0,148.0,8.6,0.0,0.0,1579.8,39.6,30.5
hugetraffic,10,asyncio,/no-io,1354,0(0.00%),17,4,43,478,15693,809.3,17031,18.0,148.0,8.6,0.0,0.0,1579.8,39.6,30.5
hugetraffic,10,tornado2,/no-io,1335,0(0.00%),16,4,42,480,16080,829.4,17411,18.4,147.9,14.9,0.0,0.0,1556.3,28.5,24.0
hugetraffic,10,tornado2,/sequential-io,1336,0(0.00%),424,257,581,480,16080,829.4,17411,18.4,147.9,14.9,0.0,0.0,1556.3,28.5,24.0
hugetraffic,10,tornado2,/parallel-io,1338,0(0.00%),121,72,218,480,16080,829.4,17411,18.4,147.9,14.9,0.0,0.0,1556.3,28.5,24.0
hugetraffic,10,tornado3,/sequential-io,1329,0(0.00%),438,274,598,481,15990,824.7,17330,18.3,159.0,12.0,0.0,0.0,1559.2,33.1,24.5
hugetraffic,10,tornado3,/parallel-io,1339,0(0.00%),122,74,206,481,15990,824.7,17330,18.3,159.0,12.0,0.0,0.0,1559.2,33.1,24.5
hugetraffic,10,tornado3,/no-io,1341,0(0.00%),17,4,55,481,15990,824.7,17330,18.3,159.0,12.0,0.0,0.0,1559.2,33.1,24.5
hugetraffic,20,asyncio,/parallel-io,1254,0(0.00%),108,72,157,241,15927,821.4,17304,18.3,102.4,5.9,0.0,0.0,1580.9,42.5,33.5
hugetraffic,20,asyncio,/no-io,1373,0(0.00%),13,3,44,241,15927,821.4,17304,18.3,102.4,5.9,0.0,0.0,1580.9,42.5,33.5
hugetraffic,20,asyncio,/sequential-io,1392,0(0.00%),406,251,586,241,15927,821.4,17304,18.3,102.4,5.9,0.0,0.0,1580.9,42.5,33.5
hugetraffic,20,tornado2,/sequential-io,1289,0(0.00%),374,218,600,237,15743,812.0,17039,18.0,66.4,7.0,0.0,0.0,1556.1,28.4,23.7
hugetraffic,20,tornado2,/no-io,1330,0(0.00%),6,4,40,237,15743,812.0,17039,18.0,66.4,7.0,0.0,0.0,1556.1,28.4,23.7
hugetraffic,20,tornado2,/parallel-io,1400,0(0.00%),103,72,223,237,15743,812.0,17039,18.0,66.4,7.0,0.0,0.0,1556.1,28.4,23.7
hugetraffic,20,tornado3,/no-io,1299,0(0.00%),12,4,45,244,16141,832.4,17425,18.4,108.9,7.8,0.0,0.0,1559.5,33.4,24.8
hugetraffic,20,tornado3,/sequential-io,1350,0(0.00%),432,235,712,244,16141,832.4,17425,18.4,108.9,7.8,0.0,0.0,1559.5,33.4,24.8
hugetraffic,20,tornado3,/parallel-io,1370,0(0.00%),118,75,286,244,16141,832.4,17425,18.4,108.9,7.8,0.0,0.0,1559.5,33.4,24.8
hugetraffic,40,asyncio,/no-io,1308,0(0.00%),10,4,85,127,15857,817.8,17121,18.1,64.5,4.3,0.0,0.0,1584.9,44.3,35.3
hugetraffic,40,asyncio,/parallel-io,1356,0(0.00%),110,70,238,127,15857,817.8,17121,18.1,64.5,4.3,0.0,0.0,1584.9,44.3,35.3
hugetraffic,40,asyncio,/sequential-io,1375,0(0.00%),400,261,729,127,15857,817.8,17121,18.1,64.5,4.3,0.0,0.0,1584.9,44.3,35.3
hugetraffic,40,tornado2,/parallel-io,1308,0(0.00%),151,70,553,133,16101,830.4,17470,18.5,70.5,8.8,0.0,0.0,1557.5,27.5,23.1
hugetraffic,40,tornado2,/sequential-io,1365,0(0.00%),546,272,1257,133,16101,830.4,17470,18.5,70.5,8.8,0.0,0.0,1557.5,27.5,23.1
hugetraffic,40,tornado2,/no-io,1366,0(0.00%),10,4,100,133,16101,830.4,17470,18.5,70.5,8.8,0.0,0.0,1557.5,27.5,23.1
hugetraffic,40,tornado3,/parallel-io,1335,0(0.00%),177,71,598,138,15633,806.3,16952,17.9,77.8,6.5,0.0,0.0,1560.2,33.7,25.4
hugetraffic,40,tornado3,/no-io,1349,0(0.00%),12,4,109,138,15633,806.3,16952,17.9,77.8,6.5,0.0,0.0,1560.2,33.7,25.4
hugetraffic,40,tornado3,/sequential-io,1355,0(0.00%),659,273,1399,138,15633,806.3,16952,17.9,77.8,6.5,0.0,0.0,1560.2,33.7,25.4
hugetraffic,80,asyncio,/parallel-io,1326,0(0.00%),133,75,236,78,16341,842.8,17646,18.7,52.4,3.8,0.0,0.0,1591.7,52.9,44.2
hugetraffic,80,asyncio,/no-io,1361,0(0.00%),10,4,53,78,16341,842.8,17646,18.7,52.4,3.8,0.0,0.0,1591.7,52.9,44.2
hugetraffic,80,asyncio,/sequential-io,1392,0(0.00%),478,266,805,78,16341,842.8,17646,18.7,52.4,3.8,0.0,0.0,1591.7,52.9,44.2
hugetraffic,80,tornado2,/parallel-io,1320,0(0.00%),444,232,735,115,17121,883.0,18520,19.6,61.2,8.7,0.0,0.0,1559.6,29.9,25.3
hugetraffic,80,tornado2,/no-io,1354,0(0.00%),6,4,53,115,17121,883.0,18520,19.6,61.2,8.7,0.0,0.0,1559.6,29.9,25.3
hugetraffic,80,tornado2,/sequential-io,1405,0(0.00%),2320,948,3001,115,17121,883.0,18520,19.6,61.2,8.7,0.0,0.0,1559.6,29.9,25.3
hugetraffic,80,tornado3,/no-io,1324,0(0.00%),9,4,88,125,17234,888.8,18598,19.7,75.6,6.7,0.0,0.0,1561.7,33.4,24.9
hugetraffic,80,tornado3,/parallel-io,1338,0(0.00%),535,228,853,125,17234,888.8,18598,19.7,75.6,6.7,0.0,0.0,1561.7,33.4,24.9
hugetraffic,80,tornado3,/sequential-io,1417,0(0.00%),2811,1020,3807,125,17234,888.8,18598,19.7,75.6,6.7,0.0,0.0,1561.7,33.4,24.9
hugetraffic,160,asyncio,/no-io,1350,0(0.00%),68,14,221,83,23010,1186.7,24807,26.2,68.9,4.7,0.0,0.0,1613.7,74.8,66.5
hugetraffic,160,asyncio,/parallel-io,1352,0(0.00%),591,296,858,83,23010,1186.7,24807,26.2,68.9,4.7,0.0,0.0,1613.7,74.8,66.5
hugetraffic,160,asyncio,/sequential-io,1457,0(0.00%),2096,828,3165,83,23010,1186.7,24807,26.2,68.9,4.7,0.0,0.0,1613.7,74.8,66.5
hugetraffic,160,tornado2,/no-io,1297,0(0.00%),6,3,35,135,20660,1065.5,22116,23.4,72.4,10.7,0.0,0.0,1564.9,38.9,34.6
hugetraffic,160,tornado2,/parallel-io,1384,0(0.00%),1289,887,1793,135,20660,1065.5,22116,23.4,72.4,10.7,0.0,0.0,1564.9,38.9,34.6
hugetraffic,160,tornado2,/sequential-io,1478,0(0.00%),7256,3157,8901,135,20660,1065.5,22116,23.4,72.4,10.7,0.0,0.0,1564.9,38.9,34.6
hugetraffic,160,tornado3,/parallel-io,1342,0(0.00%),1452,1101,1910,143,20343,1049.1,21893,23.2,89.7,7.6,0.0,0.0,1565.0,38.1,30.1
hugetraffic,160,tornado3,/no-io,1363,0(0.00%),9,4,50,143,20343,1049.1,21893,23.2,89.7,7.6,0.0,0.0,1565.0,38.1,30.1
hugetraffic,160,tornado3,/sequential-io,1454,0(0.00%),8142,3196,9643,143,20343,1049.1,21893,23.2,89.7,7.6,0.0,0.0,1565.0,38.1,30.1
lowdelay_highcpu,10,asyncio,/no-io,1307,0(0.00%),36,9,152,453,16166,54.1,17465,166.9,254.9,4.5,0.0,0.0,1578.5,40.0,31.2
lowdelay_highcpu,10,asyncio,/sequential-io,1338,0(0.00%),205,101,551,453,16166,54.1,17465,166.9,254.9,4.5,0.0,0.0,1578.5,40.0,31.2
lowdelay_highcpu,10,asyncio,/parallel-io,1364,0(0.00%),127,73,317,453,16166,54.1,17465,166.9,254.9,4.5,0.0,0.0,1578.5,40.0,31.2
lowdelay_highcpu,10,tornado2,/no-io,1312,0(0.00%),28,6,103,443,16068,53.7,17374,166.0,206.2,9.0,0.0,0.0,1556.4,28.1,23.7
lowdelay_highcpu,10,tornado2,/parallel-io,1331,0(0.00%),96,53,259,443,16068,53.7,17374,166.0,206.2,9.0,0.0,0.0,1556.4,28.1,23.7
lowdelay_highcpu,10,tornado2,/sequential-io,1366,0(0.00%),160,79,390,443,16068,53.7,17374,166.0,206.2,9.0,0.0,0.0,1556.4,28.1,23.7
lowdelay_highcpu,10,tornado3,/no-io,1302,0(0.00%),33,8,107,452,16158,54.0,17456,166.8,252.0,6.1,0.0,0.0,1559.2,30.6,22.4
lowdelay_highcpu,10,tornado3,/sequential-io,1340,0(0.00%),214,103,603,452,16158,54.0,17456,166.8,252.0,6.1,0.0,0.0,1559.2,30.6,22.4
lowdelay_highcpu,10,tornado3,/parallel-io,1367,0(0.00%),122,68,319,452,16158,54.0,17456,166.8,252.0,6.1,0.0,0.0,1559.2,30.6,22.4
lowdelay_highcpu,20,asyncio,/parallel-io,1309,0(0.00%),165,70,428,243,15816,52.9,17183,164.2,213.2,3.1,0.0,0.0,1579.6,41.5,32.4
lowdelay_highcpu,20,asyncio,/sequential-io,1336,0(0.00%),368,107,1020,243,15816,52.9,17183,164.2,213.2,3.1,0.0,0.0,1579.6,41.5,32.4
lowdelay_highcpu,20,asyncio,/no-io,1374,0(0.00%),43,9,215,243,15816,52.9,17183,164.2,213.2,3.1,0.0,0.0,1579.6,41.5,32.4
lowdelay_highcpu,20,tornado2,/parallel-io,1297,0(0.00%),117,54,321,232,15936,53.3,17286,165.2,174.1,9.0,0.0,0.0,1556.5,26.6,22.1
lowdelay_highcpu,20,tornado2,/no-io,1355,0(0.00%),26,7,101,232,15936,53.3,17286,165.2,174.1,9.0,0.0,0.0,1556.5,26.6,22.1
lowdelay_highcpu,20,tornado2,/sequential-io,1367,0(0.00%),255,82,717,232,15936,53.3,17286,165.2,174.1,9.0,0.0,0.0,1556.5,26.6,22.1
lowdelay_highcpu,20,tornado3,/sequential-io,1320,0(0.00%),444,110,1206,248,15546,52.0,16858,161.1,211.1,4.5,0.0,0.0,1559.4,33.2,24.8
lowdelay_highcpu,20,tornado3,/no-io,1346,0(0.00%),37,9,120,248,15546,52.0,16858,161.1,211.1,4.5,0.0,0.0,1559.4,33.2,24.8
lowdelay_highcpu,20,tornado3,/parallel-io,1353,0(0.00%),179,72,482,248,15546,52.0,16858,161.1,211.1,4.5,0.0,0.0,1559.4,33.2,24.8
lowdelay_highcpu,40,asyncio,/parallel-io,1326,0(0.00%),867,339,1614,239,16065,53.7,17410,166.3,227.4,3.4,0.0,0.0,1587.4,49.0,40.3
lowdelay_highcpu,40,asyncio,/sequential-io,1353,0(0.00%),2847,1038,6012,239,16065,53.7,17410,166.3,227.4,3.4,0.0,0.0,1587.4,49.0,40.3
lowdelay_highcpu,40,asyncio,/no-io,1360,0(0.00%),161,14,578,239,16065,53.7,17410,166.3,227.4,3.4,0.0,0.0,1587.4,49.0,40.3
lowdelay_highcpu,40,tornado2,/sequential-io,1320,0(0.00%),2510,798,5097,214,16012,53.5,17371,166.0,201.6,6.7,0.0,0.0,1557.9,29.9,25.6
lowdelay_highcpu,40,tornado2,/parallel-io,1347,0(0.00%),601,157,1389,214,16012,53.5,17371,166.0,201.6,6.7,0.0,0.0,1557.9,29.9,25.6
lowdelay_highcpu,40,tornado2,/no-io,1372,0(0.00%),57,9,164,214,16012,53.5,17371,166.0,201.6,6.7,0.0,0.0,1557.9,29.9,25.6
lowdelay_highcpu,40,tornado3,/sequential-io,1332,0(0.00%),4427,1286,7921,292,16437,55.0,17758,169.7,280.1,5.2,0.0,0.0,1560.6,34.1,26.1
lowdelay_highcpu,40,tornado3,/no-io,1343,0(0.00%),80,12,291,292,16437,55.0,17758,169.7,280.1,5.2,0.0,0.0,1560.6,34.1,26.1
lowdelay_highcpu,40,tornado3,/parallel-io,1364,0(0.00%),969,324,1929,292,16437,55.0,17758,169.7,280.1,5.2,0.0,0.0,1560.6,34.1,26.1
lowdelay_highcpu,80,asyncio,/no-io,1317,0(0.00%),279,22,827,229,17304,57.9,18633,178.0,220.1,3.5,0.0,0.0,1594.0,55.4,46.9
lowdelay_highcpu,80,asyncio,/parallel-io,1342,0(0.00%),2005,1343,2563,229,17304,57.9,18633,178.0,220.1,3.5,0.0,0.0,1594.0,55.4,46.9
lowdelay_highcpu,80,asyncio,/sequential-io,1420,0(0.00%),6969,2879,10235,229,17304,57.9,18633,178.0,220.1,3.5,0.0,0.0,1594.0,55.4,46.9
lowdelay_highcpu,80,tornado2,/no-io,1340,0(0.00%),44,9,97,177,16864,56.4,18200,173.9,164.2,6.3,0.0,0.0,1559.8,29.9,25.6
lowdelay_highcpu,80,tornado2,/parallel-io,1342,0(0.00%),1020,645,1507,177,16864,56.4,18200,173.9,164.2,6.3,0.0,0.0,1559.8,29.9,25.6
lowdelay_highcpu,80,tornado2,/sequential-io,1397,0(0.00%),5334,1914,6434,177,16864,56.4,18200,173.9,164.2,6.3,0.0,0.0,1559.8,29.9,25.6
lowdelay_highcpu,80,tornado3,/no-io,1353,0(0.00%),55,10,127,231,17228,57.6,18616,177.9,224.2,5.3,0.0,0.0,1561.9,33.4,25.4
lowdelay_highcpu,80,tornado3,/parallel-io,1361,0(0.00%),1515,1083,2111,231,17228,57.6,18616,177.9,224.2,5.3,0.0,0.0,1561.9,33.4,25.4
lowdelay_highcpu,80,tornado3,/sequential-io,1365,0(0.00%),8111,2926,9531,231,17228,57.6,18616,177.9,224.2,5.3,0.0,0.0,1561.9,33.4,25.4
lowdelay_highcpu,160,asyncio,/no-io,1357,0(0.00%),520,176,1086,245,18672,62.4,20096,192.0,236.6,3.4,0.0,0.0,1599.7,61.0,52.6
lowdelay_highcpu,160,asyncio,/parallel-io,1372,0(0.00%),4525,3463,6425,245,18672,62.4,20096,192.0,236.6,3.4,0.0,0.0,1599.7,61.0,52.6
lowdelay_highcpu,160,asyncio,/sequential-io,1430,0(0.00%),16355,6475,23323,245,18672,62.4,20096,192.0,236.6,3.4,0.0,0.0,1599.7,61.0,52.6
lowdelay_highcpu,160,tornado2,/parallel-io,1358,0(0.00%),2392,1793,3232,197,18922,63.3,20303,194.0,184.1,6.5,0.0,0.0,1565.5,37.9,34.0
lowdelay_highcpu,160,tornado2,/no-io,1359,0(0.00%),44,8,103,197,18922,63.3,20303,194.0,184.1,6.5,0.0,0.0,1565.5,37.9,34.0
lowdelay_highcpu,160,tornado2,/sequential-io,1442,0(0.00%),13306,4601,15002,197,18922,63.3,20303,194.0,184.1,6.5,0.0,0.0,1565.5,37.9,34.0
lowdelay_highcpu,160,tornado3,/no-io,1308,0(0.00%),58,11,141,259,19108,63.9,20567,196.5,253.9,5.7,0.0,0.0,1564.9,38.3,30.5
lowdelay_highcpu,160,tornado3,/parallel-io,1386,0(0.00%),3424,2624,4279,259,19108,63.9,20567,196.5,253.9,5.7,0.0,0.0,1564.9,38.3,30.5
lowdelay_highcpu,160,tornado3,/sequential-io,1465,0(0.00%),19122,6436,22162,259,19108,63.9,20567,196.5,253.9,5.7,0.0,0.0,1564.9,38.3,30.5
normal,10,asyncio,/no-io,1309,0(0.00%),16,4,49,479,15912,820.7,17199,18.2,147.4,8.6,0.0,0.0,1578.4,39.8,31.1
normal,10,asyncio,/sequential-io,1344,0(0.00%),418,205,552,479,15912,820.7,17199,18.2,147.4,8.6,0.0,0.0,1578.4,39.8,31.1
normal,10,asyncio,/parallel-io,1356,0(0.00%),118,71,162,479,15912,820.7,17199,18.2,147.4,8.6,0.0,0.0,1578.4,39.8,31.1
normal,10,tornado2,/no-io,1308,0(0.00%),15,3,43,480,16217,836.3,17525,18.5,149.4,14.5,0.0,0.0,1556.4,28.2,23.6
normal,10,tornado2,/parallel-io,1318,0(0.00%),121,73,192,480,16217,836.3,17525,18.5,149.4,14.5,0.0,0.0,1556.4,28.2,23.6
normal,10,tornado2,/sequential-io,1383,0(0.00%),422,246,586,480,16217,836.3,17525,18.5,149.4,14.5,0.0,0.0,1556.4,28.2,23.6
normal,10,tornado3,/no-io,1308,0(0.00%),16,4,38,480,16229,837.0,17539,18.6,159.5,12.6,0.0,0.0,1559.2,33.0,24.5
normal,10,tornado3,/sequential-io,1336,0(0.00%),435,229,599,480,16229,837.0,17539,18.6,159.5,12.6,0.0,0.0,1559.2,33.0,24.5
normal,10,tornado3,/parallel-io,1365,0(0.00%),120,76,222,480,16229,837.0,17539,18.6,159.5,12.6,0.0,0.0,1559.2,33.0,24.5
normal,20,asyncio,/no-io,1285,0(0.00%),10,3,44,239,15889,819.5,17129,18.1,89.2,5.0,0.0,0.0,1579.2,40.6,31.8
normal,20,asyncio,/sequential-io,1332,0(0.00%),390,215,583,239,15889,819.5,17129,18.1,89.2,5.0,0.0,0.0,1579.2,40.6,31.8
normal,20,asyncio,/parallel-io,1402,0(0.00%),105,72,169,239,15889,819.5,17129,18.1,89.2,5.0,0.0,0.0,1579.2,40.6,31.8
normal,20,tornado2,/no-io,1310,0(0.00%),5,3,17,238,15774,813.5,17049,18.0,60.7,5.9,0.0,0.0,1556.2,26.4,21.8
normal,20,tornado2,/sequential-io,1343,0(0.00%),369,202,568,238,15774,813.5,17049,18.0,60.7,5.9,0.0,0.0,1556.2,26.4,21.8
normal,20,tornado2,/parallel-io,1366,0(0.00%),100,73,214,238,15774,813.5,17049,18.0,60.7,5.9,0.0,0.0,1556.2,26.4,21.8
normal,20,tornado3,/sequential-io,1308,0(0.00%),395,217,842,239,16004,825.4,17390,18.4,80.0,5.8,0.0,0.0,1559.5,31.0,22.6
normal,20,tornado3,/parallel-io,1330,0(0.00%),110,71,344,239,16004,825.4,17390,18.4,80.0,5.8,0.0,0.0,1559.5,31.0,22.6
normal,20,tornado3,/no-io,1381,0(0.00%),8,3,105,239,16004,825.4,17390,18.4,80.0,5.8,0.0,0.0,1559.5,31.0,22.6
normal,40,asyncio,/parallel-io,1312,0(0.00%),107,71,294,126,15583,803.7,16918,17.9,61.3,4.1,0.0,0.0,1580.1,41.5,32.7
normal,40,asyncio,/sequential-io,1357,0(0.00%),390,242,759,126,15583,803.7,16918,17.9,61.3,4.1,0.0,0.0,1580.1,41.5,32.7
normal,40,asyncio,/no-io,1370,0(0.00%),8,3,120,126,15583,803.7,16918,17.9,61.3,4.1,0.0,0.0,1580.1,41.5,32.7
normal,40,tornado2,/no-io,1336,0(0.00%),8,3,96,132,16421,846.9,17755,18.8,68.3,9.0,0.0,0.0,1557.2,29.0,24.9
normal,40,tornado2,/parallel-io,1345,0(0.00%),143,74,385,132,16421,846.9,17755,18.8,68.3,9.0,0.0,0.0,1557.2,29.0,24.9
normal,40,tornado2,/sequential-io,1358,0(0.00%),538,261,1094,132,16421,846.9,17755,18.8,68.3,9.0,0.0,0.0,1557.2,29.0,24.9
normal,40,tornado3,/no-io,1315,0(0.00%),11,3,93,136,15884,819.2,17175,18.2,76.9,6.4,0.0,0.0,1560.1,33.8,25.3
normal,40,tornado3,/parallel-io,1336,0(0.00%),165,70,475,136,15884,819.2,17175,18.2,76.9,6.4,0.0,0.0,1560.1,33.8,25.3
normal,40,tornado3,/sequential-io,1388,0(0.00%),612,281,1561,136,15884,819.2,17175,18.2,76.9,6.4,0.0,0.0,1560.1,33.8,25.3
normal,80,asyncio,/sequential-io,1354,0(0.00%),469,228,876,78,16454,848.5,17780,18.8,52.7,3.6,0.0,0.0,1582.6,44.0,35.3
normal,80,asyncio,/no-io,1362,0(0.00%),10,3,48,78,16454,848.5,17780,18.8,52.7,3.6,0.0,0.0,1582.6,44.0,35.3
normal,80,asyncio,/parallel-io,1363,0(0.00%),129,71,255,78,16454,848.5,17780,18.8,52.7,3.6,0.0,0.0,1582.6,44.0,35.3
normal,80,tornado2,/parallel-io,1322,0(0.00%),442,180,842,113,17237,889.0,18679,19.8,60.7,8.7,0.0,0.0,1559.5,29.9,25.4
normal,80,tornado2,/sequential-io,1367,0(0.00%),2299,1015,3720,113,17237,889.0,18679,19.8,60.7,8.7,0.0,0.0,1559.5,29.9,25.4
normal,80,tornado2,/no-io,1390,0(0.00%),5,3,26,113,17237,889.0,18679,19.8,60.7,8.7,0.0,0.0,1559.5,29.9,25.4
normal,80,tornado3,/parallel-io,1337,0(0.00%),538,262,900,123,17154,884.7,18574,19.7,75.3,6.3,0.0,0.0,1561.9,35.4,27.0
normal,80,tornado3,/sequential-io,1365,0(0.00%),2812,1051,3965,123,17154,884.7,18574,19.7,75.3,6.3,0.0,0.0,1561.9,35.4,27.0
normal,80,tornado3,/no-io,1377,0(0.00%),9,3,44,123,17154,884.7,18574,19.7,75.3,6.3,0.0,0.0,1561.9,35.4,27.0
normal,160,asyncio,/no-io,1368,0(0.00%),71,12,239,83,23002,1186.3,24823,26.3,69.7,4.1,0.0,0.0,1598.2,59.4,51.0
normal,160,asyncio,/parallel-io,1393,0(0.00%),606,295,948,83,23002,1186.3,24823,26.3,69.7,4.1,0.0,0.0,1598.2,59.4,51.0
normal,160,asyncio,/sequential-io,1398,0(0.00%),2140,659,3200,83,23002,1186.3,24823,26.3,69.7,4.1,0.0,0.0,1598.2,59.4,51.0
normal,160,tornado2,/no-io,1320,0(0.00%),5,3,37,134,20631,1064.0,22128,23.4,72.3,10.8,0.0,0.0,1564.7,34.7,30.3
normal,160,tornado2,/parallel-io,1376,0(0.00%),1285,918,1652,134,20631,1064.0,22128,23.4,72.3,10.8,0.0,0.0,1564.7,34.7,30.3
normal,160,tornado2,/sequential-io,1463,0(0.00%),7258,2775,8626,134,20631,1064.0,22128,23.4,72.3,10.8,0.0,0.0,1564.7,34.7,30.3
normal,160,tornado3,/no-io,1345,0(0.00%),9,3,55,143,20350,1049.5,21862,23.1,88.9,7.7,0.0,0.0,1564.7,38.5,30.0
normal,160,tornado3,/parallel-io,1392,0(0.00%),1481,995,1922,143,20350,1049.5,21862,23.1,88.9,7.7,0.0,0.0,1564.7,38.5,30.0
normal,160,tornado3,/sequential-io,1422,0(0.00%),8324,3329,9589,143,20350,1049.5,21862,23.1,88.9,7.7,0.0,0.0,1564.7,38.5,30.0
tinycpu,10,asyncio,/parallel-io,1316,0(0.00%),118,76,163,472,15795,814.6,17157,0.3,103.2,11.7,0.0,0.0,1578.5,37.9,29.0
tinycpu,10,asyncio,/sequential-io,1325,0(0.00%),391,235,553,472,15795,814.6,17157,0.3,103.2,11.7,0.0,0.0,1578.5,37.9,29.0
tinycpu,10,asyncio,/no-io,1368,0(0.00%),11,3,32,472,15795,814.6,17157,0.3,103.2,11.7,0.0,0.0,1578.5,37.9,29.0
tinycpu,10,tornado2,/parallel-io,1324,0(0.00%),121,72,195,475,15883,819.1,17196,0.3,120.6,16.6,0.0,0.0,1556.4,26.6,21.7
tinycpu,10,tornado2,/no-io,1334,0(0.00%),12,3,37,475,15883,819.1,17196,0.3,120.6,16.6,0.0,0.0,1556.4,26.6,21.7
tinycpu,10,tornado2,/sequential-io,1351,0(0.00%),405,250,567,475,15883,819.1,17196,0.3,120.6,16.6,0.0,0.0,1556.4,26.6,21.7
tinycpu,10,tornado3,/no-io,1303,0(0.00%),12,3,33,478,15959,823.1,17247,0.3,121.5,15.5,0.0,0.0,1559.1,30.8,22.4
tinycpu,10,tornado3,/parallel-io,1353,0(0.00%),121,76,192,478,15959,823.1,17247,0.3,121.5,15.5,0.0,0.0,1559.1,30.8,22.4
tinycpu,10,tornado3,/sequential-io,1353,0(0.00%),408,235,561,478,15959,823.1,17247,0.3,121.5,15.5,0.0,0.0,1559.1,30.8,22.4
tinycpu,20,asyncio,/sequential-io,1312,0(0.00%),337,194,464,234,15880,818.9,17218,0.3,32.7,3.3,0.0,0.0,1578.7,38.2,29.5
tinycpu,20,asyncio,/no-io,1344,0(0.00%),3,3,16,234,15880,818.9,17218,0.3,32.7,3.3,0.0,0.0,1578.7,38.2,29.5
tinycpu,20,asyncio,/parallel-io,1363,0(0.00%),89,70,113,234,15880,818.9,17218,0.3,32.7,3.3,0.0,0.0,1578.7,38.2,29.5
tinycpu,20,tornado2,/no-io,1302,0(0.00%),4,2,15,236,16016,826.0,17273,0.3,40.9,5.4,0.0,0.0,1556.6,28.8,24.2
tinycpu,20,tornado2,/parallel-io,1333,0(0.00%),94,68,206,236,16016,826.0,17273,0.3,40.9,5.4,0.0,0.0,1556.6,28.8,24.2
tinycpu,20,tornado2,/sequential-io,1384,0(0.00%),352,208,554,236,16016,826.0,17273,0.3,40.9,5.4,0.0,0.0,1556.6,28.8,24.2
tinycpu,20,tornado3,/no-io,1321,0(0.00%),6,3,31,237,15804,815.0,17080,0.3,53.7,6.2,0.0,0.0,1559.5,33.2,24.7
tinycpu,20,tornado3,/parallel-io,1329,0(0.00%),101,71,212,237,15804,815.0,17080,0.3,53.7,6.2,0.0,0.0,1559.5,33.2,24.7
tinycpu,20,tornado3,/sequential-io,1369,0(0.00%),368,203,589,237,15804,815.0,17080,0.3,53.7,6.2,0.0,0.0,1559.5,33.2,24.7
tinycpu,40,asyncio,/parallel-io,1324,0(0.00%),110,71,299,127,15534,801.2,16893,0.3,54.0,6.7,0.0,0.0,1579.9,35.4,26.6
tinycpu,40,asyncio,/sequential-io,1334,0(0.00%),384,231,615,127,15534,801.2,16893,0.3,54.0,6.7,0.0,0.0,1579.9,35.4,26.6
tinycpu,40,asyncio,/no-io,1381,0(0.00%),9,3,58,127,15534,801.2,16893,0.3,54.0,6.7,0.0,0.0,1579.9,35.4,26.6
tinycpu,40,tornado2,/no-io,1326,0(0.00%),7,2,42,130,16789,865.8,18146,0.3,56.2,9.0,0.0,0.0,1557.2,23.1,18.8
tinycpu,40,tornado2,/sequential-io,1338,0(0.00%),475,276,912,130,16789,865.8,18146,0.3,56.2,9.0,0.0,0.0,1557.2,23.1,18.8
tinycpu,40,tornado2,/parallel-io,1375,0(0.00%),129,71,329,130,16789,865.8,18146,0.3,56.2,9.0,0.0,0.0,1557.2,23.1,18.8
tinycpu,40,tornado3,/sequential-io,1302,0(0.00%),530,247,1158,132,16198,835.4,17569,0.3,65.1,9.6,0.0,0.0,1560.2,27.7,19.5
tinycpu,40,tornado3,/parallel-io,1357,0(0.00%),144,72,378,132,16198,835.4,17569,0.3,65.1,9.6,0.0,0.0,1560.2,27.7,19.5
tinycpu,40,tornado3,/no-io,1380,0(0.00%),9,3,55,132,16198,835.4,17569,0.3,65.1,9.6,0.0,0.0,1560.2,27.7,19.5
tinycpu,80,asyncio,/parallel-io,1324,0(0.00%),108,70,264,76,16554,853.7,17975,0.3,38.4,4.7,0.0,0.0,1582.4,44.0,35.1
tinycpu,80,asyncio,/sequential-io,1333,0(0.00%),390,207,682,76,16554,853.7,17975,0.3,38.4,4.7,0.0,0.0,1582.4,44.0,35.1
tinycpu,80,asyncio,/no-io,1422,0(0.00%),8,3,101,76,16554,853.7,17975,0.3,38.4,4.7,0.0,0.0,1582.4,44.0,35.1
tinycpu,80,tornado2,/parallel-io,1321,0(0.00%),408,196,746,111,17820,919.0,19287,0.3,50.1,8.0,0.0,0.0,1559.4,29.8,25.3
tinycpu,80,tornado2,/no-io,1354,0(0.00%),5,3,49,111,17820,919.0,19287,0.3,50.1,8.0,0.0,0.0,1559.4,29.8,25.3
tinycpu,80,tornado2,/sequential-io,1404,0(0.00%),2135,1253,3002,111,17820,919.0,19287,0.3,50.1,8.0,0.0,0.0,1559.4,29.8,25.3
tinycpu,80,tornado3,/sequential-io,1340,0(0.00%),2795,1591,4021,123,17242,889.3,18671,0.3,69.2,9.4,0.0,0.0,1561.9,35.4,27.1
tinycpu,80,tornado3,/parallel-io,1342,0(0.00%),539,252,935,123,17242,889.3,18671,0.3,69.2,9.4,0.0,0.0,1561.9,35.4,27.1
tinycpu,80,tornado3,/no-io,1397,0(0.00%),11,3,69,123,17242,889.3,18671,0.3,69.2,9.4,0.0,0.0,1561.9,35.4,27.1
tinycpu,160,asyncio,/sequential-io,1369,0(0.00%),519,248,1006,65,22869,1179.5,24737,0.4,42.5,5.3,0.0,0.0,1589.0,47.8,39.7
tinycpu,160,asyncio,/parallel-io,1389,0(0.00%),145,73,336,65,22869,1179.5,24737,0.4,42.5,5.3,0.0,0.0,1589.0,47.8,39.7
tinycpu,160,asyncio,/no-io,1401,0(0.00%),12,3,71,65,22869,1179.5,24737,0.4,42.5,5.3,0.0,0.0,1589.0,47.8,39.7
tinycpu,160,tornado2,/parallel-io,1348,0(0.00%),1202,868,1495,128,19843,1023.4,21362,0.4,54.5,8.5,0.0,0.0,1564.4,36.5,32.1
tinycpu,160,tornado2,/no-io,1365,0(0.00%),5,3,50,128,19843,1023.4,21362,0.4,54.5,8.5,0.0,0.0,1564.4,36.5,32.1
tinycpu,160,tornado2,/sequential-io,1446,0(0.00%),6780,2291,7896,128,19843,1023.4,21362,0.4,54.5,8.5,0.0,0.0,1564.4,36.5,32.1
tinycpu,160,tornado3,/parallel-io,1303,0(0.00%),1442,874,2057,140,20322,1048.1,22059,0.4,80.4,10.9,0.0,0.0,1565.0,38.5,30.1
tinycpu,160,tornado3,/no-io,1421,0(0.00%),10,3,83,140,20322,1048.1,22059,0.4,80.4,10.9,0.0,0.0,1565.0,38.5,30.1
tinycpu,160,tornado3,/sequential-io,1435,0(0.00%),7991,2675,9331,140,20322,1048.1,22059,0.4,80.4,10.9,0.0,0.0,1565.0,38.5,30.1
tinydelay,10,asyncio,/sequential-io,1302,0(0.00%),68,32,138,423,15954,18.4,17290,18.3,105.1,7.2,0.0,0.0,1578.5,38.3,29.1
tinydelay,10,asyncio,/no-io,1337,0(0.00%),15,3,48,423,15954,18.4,17290,18.3,105.1,7.2,0.0,0.0,1578.5,38.3,29.1
tinydelay,10,asyncio,/parallel-io,1370,0(0.00%),50,18,105,423,15954,18.4,17290,18.3,105.1,7.2,0.0,0.0,1578.5,38.3,29.1
tinydelay,10,tornado2,/parallel-io,1304,0(0.00%),49,16,91,422,15835,18.2,17191,18.2,101.8,11.2,0.0,0.0,1556.0,28.6,24.2
tinydelay,10,tornado2,/sequential-io,1348,0(0.00%),65,29,135,422,15835,18.2,17191,18.2,101.8,11.2,0.0,0.0,1556.0,28.6,24.2
tinydelay,10,tornado2,/no-io,1357,0(0.00%),14,3,50,422,15835,18.2,17191,18.2,101.8,11.2,0.0,0.0,1556.0,28.6,24.2
tinydelay,10,tornado3,/sequential-io,1265,0(0.00%),70,33,141,422,15804,18.2,17162,18.2,106.3,9.2,0.0,0.0,1559.1,33.0,24.4
tinydelay,10,tornado3,/no-io,1364,0(0.00%),15,4,40,422,15804,18.2,17162,18.2,106.3,9.2,0.0,0.0,1559.1,33.0,24.4
tinydelay,10,tornado3,/parallel-io,1380,0(0.00%),51,18,119,422,15804,18.2,17162,18.2,106.3,9.2,0.0,0.0,1559.1,33.0,24.4
tinydelay,20,asyncio,/sequential-io,1326,0(0.00%),66,32,179,213,15950,18.4,17269,18.3,81.4,5.3,0.0,0.0,1578.9,40.4,31.5
tinydelay,20,asyncio,/no-io,1338,0(0.00%),13,3,40,213,15950,18.4,17269,18.3,81.4,5.3,0.0,0.0,1578.9,40.4,31.5
tinydelay,20,asyncio,/parallel-io,1355,0(0.00%),45,18,109,213,15950,18.4,17269,18.3,81.4,5.3,0.0,0.0,1578.9,40.4,31.5
tinydelay,20,tornado2,/no-io,1323,0(0.00%),12,3,44,212,16032,18.5,17352,18.4,79.5,9.3,0.0,0.0,1556.8,28.7,24.2
tinydelay,20,tornado2,/parallel-io,1341,0(0.00%),43,17,106,212,16032,18.5,17352,18.4,79.5,9.3,0.0,0.0,1556.8,28.7,24.2
tinydelay,20,tornado2,/sequential-io,1355,0(0.00%),64,28,182,212,16032,18.5,17352,18.4,79.5,9.3,0.0,0.0,1556.8,28.7,24.2
tinydelay,20,tornado3,/sequential-io,1300,0(0.00%),70,33,161,214,15606,18.0,16975,18.0,83.9,6.8,0.0,0.0,1559.5,32.9,24.6
tinydelay,20,tornado3,/parallel-io,1333,0(0.00%),46,19,116,214,15606,18.0,16975,18.0,83.9,6.8,0.0,0.0,1559.5,32.9,24.6
tinydelay,20,tornado3,/no-io,1386,0(0.00%),13,3,46,214,15606,18.0,16975,18.0,83.9,6.8,0.0,0.0,1559.5,32.9,24.6
tinydelay,40,asyncio,/sequential-io,1319,0(0.00%),70,32,204,114,16170,18.6,17520,18.5,61.4,4.2,0.0,0.0,1579.9,35.7,26.6
tinydelay,40,asyncio,/no-io,1349,0(0.00%),10,3,44,114,16170,18.6,17520,18.5,61.4,4.2,0.0,0.0,1579.9,35.7,26.6
tinydelay,40,asyncio,/parallel-io,1371,0(0.00%),40,18,115,114,16170,18.6,17520,18.5,61.4,4.2,0.0,0.0,1579.9,35.7,26.6
tinydelay,40,tornado2,/no-io,1298,0(0.00%),9,3,73,114,16413,18.9,17709,18.7,60.4,7.2,0.0,0.0,1556.9,23.2,18.6
tinydelay,40,tornado2,/parallel-io,1356,0(0.00%),41,17,152,114,16413,18.9,17709,18.7,60.4,7.2,0.0,0.0,1556.9,23.2,18.6
tinydelay,40,tornado2,/sequential-io,1385,0(0.00%),71,29,243,114,16413,18.9,17709,18.7,60.4,7.2,0.0,0.0,1556.9,23.2,18.6
tinydelay,40,tornado3,/sequential-io,1334,0(0.00%),81,33,291,115,15936,18.4,17288,18.3,64.3,5.6,0.0,0.0,1559.8,27.5,19.1
tinydelay,40,tornado3,/parallel-io,1339,0(0.00%),43,19,121,115,15936,18.4,17288,18.3,64.3,5.6,0.0,0.0,1559.8,27.5,19.1
tinydelay,40,tornado3,/no-io,1366,0(0.00%),10,3,50,115,15936,18.4,17288,18.3,64.3,5.6,0.0,0.0,1559.8,27.5,19.1
tinydelay,80,asyncio,/parallel-io,1330,0(0.00%),63,19,267,71,18258,21.0,19785,20.9,55.9,3.7,0.0,0.0,1583.2,44.8,36.0
tinydelay,80,asyncio,/no-io,1346,0(0.00%),11,3,57,71,18258,21.0,19785,20.9,55.9,3.7,0.0,0.0,1583.2,44.8,36.0
tinydelay,80,asyncio,/sequential-io,1403,0(0.00%),154,32,594,71,18258,21.0,19785,20.9,55.9,3.7,0.0,0.0,1583.2,44.8,36.0
tinydelay,80,tornado2,/no-io,1330,0(0.00%),10,3,35,71,18182,20.9,19658,20.8,55.4,7.4,0.0,0.0,1558.2,30.5,26.0
tinydelay,80,tornado2,/parallel-io,1361,0(0.00%),64,17,191,71,18182,20.9,19658,20.8,55.4,7.4,0.0,0.0,1558.2,30.5,26.0
tinydelay,80,tornado2,/sequential-io,1388,0(0.00%),186,30,639,71,18182,20.9,19658,20.8,55.4,7.4,0.0,0.0,1558.2,30.5,26.0
tinydelay,80,tornado3,/no-io,1331,0(0.00%),12,4,39,73,17782,20.5,19215,20.3,59.3,4.9,0.0,0.0,1561.0,32.5,24.2
tinydelay,80,tornado3,/sequential-io,1372,0(0.00%),255,35,857,73,17782,20.5,19215,20.3,59.3,4.9,0.0,0.0,1561.0,32.5,24.2
tinydelay,80,tornado3,/parallel-io,1376,0(0.00%),83,20,235,73,17782,20.5,19215,20.3,59.3,4.9,0.0,0.0,1561.0,32.5,24.2
tinydelay,160,asyncio,/parallel-io,1358,0(0.00%),590,397,817,82,23405,27.0,25256,26.7,69.9,4.0,0.0,0.0,1597.2,56.4,48.0
tinydelay,160,asyncio,/no-io,1379,0(0.00%),69,29,182,82,23405,27.0,25256,26.7,69.9,4.0,0.0,0.0,1597.2,56.4,48.0
tinydelay,160,asyncio,/sequential-io,1422,0(0.00%),2102,700,3056,82,23405,27.0,25256,26.7,69.9,4.0,0.0,0.0,1597.2,56.4,48.0
tinydelay,160,tornado2,/parallel-io,1360,0(0.00%),447,319,628,83,22814,26.3,24610,26.0,69.3,8.4,0.0,0.0,1562.9,35.0,30.9
tinydelay,160,tornado2,/no-io,1383,0(0.00%),13,5,34,83,22814,26.3,24610,26.0,69.3,8.4,0.0,0.0,1562.9,35.0,30.9
tinydelay,160,tornado2,/sequential-io,1416,0(0.00%),2428,844,2859,83,22814,26.3,24610,26.0,69.3,8.4,0.0,0.0,1562.9,35.0,30.9
tinydelay,160,tornado3,/parallel-io,1330,0(0.00%),509,316,686,88,21345,24.6,23019,24.4,69.5,5.8,0.0,0.0,1564.0,31.3,23.3
tinydelay,160,tornado3,/no-io,1382,0(0.00%),15,6,36,88,21345,24.6,23019,24.4,69.5,5.8,0.0,0.0,1564.0,31.3,23.3
tinydelay,160,tornado3,/sequential-io,1447,0(0.00%),2758,997,3316,88,21345,24.6,23019,24.4,69.5,5.8,0.0,0.0,1564.0,31.3,23.3
